https://www.feel-kobe.jp/event/26961/,
https://www.feel-kobe.jp/event/26405/,
https://www.feel-kobe.jp/event/27214/,
https://www.feel-kobe.jp/event/26614/,
https://www.feel-kobe.jp/event/26405/,
https://www.feel-kobe.jp/event/26661/,
https://www.feel-kobe.jp/event/26404/,
https://www.feel-kobe.jp/event/26961/,
https://www.feel-kobe.jp/event/26952/,
https://www.feel-kobe.jp/event/25851/,
https://www.feel-kobe.jp/event/26263/,
https://www.feel-kobe.jp/event/24896/,
https://www.feel-kobe.jp/event/20727/,
https://www.feel-kobe.jp/event/26614/,
https://www.feel-kobe.jp/event/27007/,
https://www.feel-kobe.jp/event/27214/,
https://www.feel-kobe.jp/event/27258/,
https://www.feel-kobe.jp/event/27052/,
https://www.feel-kobe.jp/event/6275/,
https://www.feel-kobe.jp/event/21577/,
https://www.feel-kobe.jp/event/27171/,
https://www.feel-kobe.jp/event/27122/,
https://www.feel-kobe.jp/event/26980/,
https://www.feel-kobe.jp/event/25739/,
https://www.feel-kobe.jp/event/27212/,
https://www.feel-kobe.jp/event/6256/,
https://www.feel-kobe.jp/event/21009/,
https://www.feel-kobe.jp/event/26639/,
https://www.feel-kobe.jp/event/26800/,
https://www.feel-kobe.jp/event/27045/,
https://www.feel-kobe.jp/event/6271/,
https://www.feel-kobe.jp/event/6266/,
https://www.feel-kobe.jp/event/6268/,
https://www.feel-kobe.jp/event/20665/